Yearï»¿,Forcing RCP26 [W/m2],Forcing RCP45 [W/m2],Forcing RCP6 [W/m2],Forcing RCP85 [W/m2]
2007,1.950,1.952,1.937,1.961
2008,1.985,1.986,1.964,2.001
2009,2.077,2.075,2.046,2.099
2010,2.198,2.192,2.157,2.223
2011,2.283,2.269,2.230,2.301
2012,2.343,2.320,2.279,2.352
2013,2.374,2.346,2.301,2.380
2014,2.376,2.344,2.295,2.382
2015,2.376,2.343,2.288,2.386
2016,2.392,2.359,2.298,2.407
2017,2.416,2.385,2.317,2.441
2018,2.445,2.417,2.341,2.481
2019,2.476,2.453,2.370,2.527
2020,2.559,2.542,2.452,2.628
2021,2.666,2.657,2.561,2.758
2022,2.730,2.732,2.632,2.850
2023,2.766,2.782,2.678,2.916
2024,2.776,2.807,2.698,2.957
2025,2.757,2.804,2.691,2.971
2026,2.738,2.801,2.684,2.985
2027,2.734,2.816,2.695,3.018
2028,2.741,2.841,2.717,3.061
2029,2.751,2.871,2.744,3.110
2030,2.764,2.906,2.773,3.165
2031,2.826,2.995,2.849,3.277
2032,2.914,3.110,2.949,3.417
2033,2.963,3.185,3.012,3.518
2034,2.984,3.235,3.049,3.595
2035,2.980,3.258,3.062,3.647
2036,2.947,3.253,3.047,3.673
2037,2.913,3.247,3.032,3.699
2038,2.895,3.259,3.036,3.744
2039,2.887,3.281,3.050,3.799
2040,2.882,3.307,3.071,3.861
2041,2.879,3.338,3.101,3.926
2042,2.926,3.422,3.185,4.045
2043,3.000,3.531,3.295,4.192
2044,3.034,3.600,3.367,4.300
2045,3.041,3.644,3.413,4.384
2046,3.022,3.661,3.435,4.442
2047,2.975,3.650,3.429,4.474
2048,2.927,3.639,3.424,4.507
2049,2.896,3.645,3.436,4.558
2050,2.875,3.660,3.459,4.619
2051,2.856,3.679,3.484,4.684
2052,2.840,3.699,3.513,4.753
2053,2.877,3.772,3.596,4.875
2054,2.941,3.871,3.706,5.024
2055,2.966,3.930,3.777,5.135
2056,2.965,3.962,3.823,5.220
2057,2.938,3.968,3.845,5.280
2058,2.883,3.946,3.839,5.312
2059,2.828,3.923,3.834,5.345
2060,2.791,3.917,3.850,5.395
2061,2.766,3.921,3.884,5.456
2062,2.746,3.928,3.926,5.522
2063,2.731,3.939,3.972,5.591
2064,2.768,4.002,4.071,5.714
2065,2.833,4.091,4.197,5.862
2066,2.858,4.140,4.285,5.971
2067,2.858,4.162,4.348,6.054
2068,2.832,4.159,4.385,6.111
2069,2.779,4.127,4.395,6.141
2070,2.726,4.094,4.404,6.170
2071,2.691,4.077,4.428,6.216
2072,2.668,4.070,4.462,6.272
2073,2.650,4.067,4.500,6.333
2074,2.636,4.067,4.542,6.398
2075,2.676,4.119,4.637,6.516
2076,2.743,4.197,4.758,6.661
2077,2.771,4.235,4.841,6.766
2078,2.773,4.247,4.897,6.844
2079,2.750,4.232,4.928,6.897
2080,2.699,4.188,4.929,6.924
2081,2.648,4.142,4.927,6.951
2082,2.615,4.112,4.940,6.997
2083,2.592,4.095,4.961,7.053
2084,2.574,4.083,4.985,7.115
2085,2.561,4.077,5.012,7.180
2086,2.601,4.124,5.089,7.298
2087,2.668,4.198,5.191,7.442
2088,2.696,4.234,5.252,7.548
2089,2.698,4.245,5.286,7.627
2090,2.675,4.230,5.292,7.680
2091,2.624,4.188,5.270,7.703
2092,2.573,4.147,5.247,7.726
2093,2.540,4.123,5.242,7.765
2094,2.518,4.111,5.247,7.814
2095,2.501,4.104,5.258,7.868
2096,2.488,4.101,5.273,7.926
2097,2.528,4.151,5.341,8.036
2098,2.596,4.229,5.436,8.173
2099,2.624,4.268,5.492,8.270
2100,2.626,4.281,5.522,8.340
2101,2.600,4.268,5.525,8.382
2102,2.547,4.228,5.501,8.396
2103,2.495,4.187,5.477,8.410
2104,2.460,4.164,5.470,8.440
2105,2.436,4.152,5.474,8.481
2106,2.417,4.144,5.483,8.525
2107,2.403,4.140,5.496,8.574
2108,2.442,4.189,5.562,8.675
2109,2.508,4.265,5.655,8.803
2110,2.534,4.301,5.708,8.890
2111,2.536,4.312,5.735,8.952
2112,2.512,4.296,5.736,8.987
2113,2.460,4.253,5.709,8.994
2114,2.409,4.210,5.682,9.001
2115,2.375,4.185,5.671,9.025
2116,2.352,4.170,5.672,9.059
2117,2.334,4.159,5.676,9.098
2118,2.321,4.153,5.685,9.141
2119,2.361,4.200,5.747,9.237
2120,2.427,4.274,5.834,9.359
2121,2.454,4.308,5.882,9.442
2122,2.456,4.317,5.905,9.498
2123,2.433,4.300,5.901,9.528
2124,2.382,4.255,5.869,9.531
2125,2.331,4.211,5.836,9.534
2126,2.298,4.184,5.821,9.553
2127,2.275,4.168,5.816,9.583
2128,2.257,4.157,5.816,9.618
2129,2.244,4.150,5.819,9.657
2130,2.284,4.197,5.875,9.748
2131,2.351,4.270,5.958,9.867
2132,2.380,4.304,6.001,9.946
2133,2.382,4.312,6.018,9.998
2134,2.359,4.295,6.008,10.025
2135,2.309,4.251,5.971,10.025
2136,2.259,4.206,5.934,10.023
2137,2.227,4.179,5.913,10.040
2138,2.205,4.163,5.903,10.066
2139,2.188,4.152,5.897,10.098
2140,2.176,4.145,5.896,10.134
2141,2.217,4.191,5.947,10.222
2142,2.285,4.264,6.024,10.338
2143,2.313,4.298,6.062,10.414
2144,2.317,4.306,6.074,10.464
2145,2.295,4.288,6.059,10.488
2146,2.245,4.244,6.017,10.484
2147,2.196,4.199,5.974,10.480
2148,2.164,4.171,5.948,10.493
2149,2.143,4.188,5.966,10.517
2150,2.127,4.215,5.994,10.546
2151,2.115,4.215,5.994,10.579
2152,2.156,4.215,5.994,10.665
2153,2.225,4.215,5.994,10.777
2154,2.254,4.215,5.994,10.850
2155,2.258,4.215,5.994,10.896
2156,2.236,4.215,5.994,10.915
2157,2.187,4.215,5.994,10.907
2158,2.138,4.215,5.994,10.898
2159,2.107,4.215,5.994,10.906
2160,2.086,4.215,5.994,10.924
2161,2.070,4.215,5.994,10.947
2162,2.059,4.215,5.994,10.973
2163,2.101,4.215,5.994,11.053
2164,2.169,4.215,5.994,11.159
2165,2.199,4.215,5.994,11.225
2166,2.203,4.215,5.994,11.264
2167,2.182,4.215,5.994,11.278
2168,2.133,4.215,5.994,11.264
2169,2.085,4.215,5.994,11.249
2170,2.054,4.215,5.994,11.251
2171,2.033,4.215,5.994,11.264
2172,2.018,4.215,5.994,11.281
2173,2.007,4.215,5.994,11.302
2174,2.049,4.215,5.994,11.376
2175,2.118,4.215,5.994,11.476
2176,2.148,4.215,5.994,11.537
2177,2.152,4.215,5.994,11.571
2178,2.131,4.215,5.994,11.580
2179,2.083,4.215,5.994,11.560
2180,2.035,4.215,5.994,11.540
2181,2.004,4.215,5.994,11.537
2182,1.984,4.215,5.994,11.545
2183,1.969,4.215,5.994,11.557
2184,1.958,4.215,5.994,11.574
2185,2.000,4.215,5.994,11.643
2186,2.069,4.215,5.994,11.738
2187,2.100,4.215,5.994,11.794
2188,2.104,4.215,5.994,11.824
2189,2.084,4.215,5.994,11.828
2190,2.035,4.215,5.994,11.804
2191,1.987,4.215,5.994,11.779
2192,1.957,4.215,5.994,11.772
2193,1.937,4.215,5.994,11.775
2194,1.922,4.215,5.994,11.783
2195,1.911,4.215,5.994,11.795
2196,1.954,4.215,5.994,11.860
2197,2.023,4.215,5.994,11.951
2198,2.054,4.215,5.994,12.002
2199,2.059,4.215,5.994,12.028
2200,2.038,4.215,5.994,12.028
2201,1.990,4.215,5.994,11.999
2202,1.942,4.215,5.994,11.971
2203,1.912,4.215,5.994,11.959
2204,1.892,4.215,5.994,11.958
2205,1.877,4.215,5.994,11.962
2206,1.867,4.215,5.994,11.970
2207,1.910,4.215,5.994,12.030
2208,1.980,4.215,5.994,12.118
2209,2.010,4.215,5.994,12.165
2210,2.015,4.215,5.994,12.187
2211,1.995,4.215,5.994,12.183
2212,1.947,4.215,5.994,12.150
2213,1.899,4.215,5.994,12.118
2214,1.869,4.215,5.994,12.103
2215,1.849,4.215,5.994,12.098
2216,1.835,4.215,5.994,12.098
2217,1.825,4.215,5.994,12.101
2218,1.868,4.215,5.994,12.158
2219,1.937,4.215,5.994,12.242
2220,1.968,4.215,5.994,12.286
2221,1.973,4.215,5.994,12.304
2222,1.953,4.215,5.994,12.296
2223,1.905,4.215,5.994,12.260
2224,1.858,4.215,5.994,12.223
2225,1.828,4.215,5.994,12.204
2226,1.808,4.215,5.994,12.196
2227,1.794,4.215,5.994,12.192
2228,1.784,4.215,5.994,12.192
2229,1.827,4.215,5.994,12.246
2230,1.897,4.215,5.994,12.325
2231,1.928,4.215,5.994,12.366
2232,1.933,4.215,5.994,12.380
2233,1.913,4.215,5.994,12.368
2234,1.865,4.215,5.994,12.329
2235,1.818,4.215,5.994,12.289
2236,1.788,4.215,5.994,12.267
2237,1.768,4.215,5.994,12.254
2238,1.754,4.215,5.994,12.247
2239,1.744,4.215,5.994,12.244
2240,1.787,4.215,5.994,12.294
2241,1.857,4.215,5.994,12.370
2242,1.888,4.215,5.994,12.407
2243,1.894,4.215,5.994,12.418
2244,1.874,4.215,5.994,12.403
2245,1.826,4.215,5.994,12.360
2246,1.779,4.215,5.994,12.316
2247,1.749,4.215,5.994,12.290
2248,1.730,4.215,5.994,12.275
2249,1.716,4.215,5.994,12.302
2250,1.706,4.215,5.994,12.335
2251,1.749,4.215,5.994,12.335
2252,1.819,4.215,5.994,12.335
2253,1.850,4.215,5.994,12.335
2254,1.856,4.215,5.994,12.335
2255,1.836,4.215,5.994,12.335
2256,1.789,4.215,5.994,12.335
2257,1.742,4.215,5.994,12.335
2258,1.712,4.215,5.994,12.335
2259,1.693,4.215,5.994,12.335
2260,1.679,4.215,5.994,12.335
2261,1.669,4.215,5.994,12.335
2262,1.712,4.215,5.994,12.335
2263,1.782,4.215,5.994,12.335
2264,1.814,4.215,5.994,12.335
2265,1.819,4.215,5.994,12.335
2266,1.799,4.215,5.994,12.335
2267,1.752,4.215,5.994,12.335
2268,1.705,4.215,5.994,12.335
2269,1.675,4.215,5.994,12.335
2270,1.656,4.215,5.994,12.335
2271,1.642,4.215,5.994,12.335
2272,1.633,4.215,5.994,12.335
2273,1.676,4.215,5.994,12.335
2274,1.746,4.215,5.994,12.335
2275,1.778,4.215,5.994,12.335
2276,1.784,4.215,5.994,12.335
2277,1.764,4.215,5.994,12.335
2278,1.717,4.215,5.994,12.335
2279,1.670,4.215,5.994,12.335
2280,1.640,4.215,5.994,12.335
2281,1.621,4.215,5.994,12.335
2282,1.607,4.215,5.994,12.335
2283,1.597,4.215,5.994,12.335
2284,1.641,4.215,5.994,12.335
2285,1.711,4.215,5.994,12.335
2286,1.743,4.215,5.994,12.335
2287,1.749,4.215,5.994,12.335
2288,1.729,4.215,5.994,12.335
2289,1.682,4.215,5.994,12.335
2290,1.635,4.215,5.994,12.335
2291,1.605,4.215,5.994,12.335
2292,1.586,4.215,5.994,12.335
2293,1.573,4.215,5.994,12.335
2294,1.563,4.215,5.994,12.335
2295,1.607,4.215,5.994,12.335
2296,1.677,4.215,5.994,12.335
2297,1.709,4.215,5.994,12.335
2298,1.715,4.215,5.994,12.335
2299,1.695,4.215,5.994,12.335
2300,1.648,4.215,5.994,12.335
